{"cameraMode":{"drawMode":0,"name":"Shaded","section":"Shading Mode"},"sceneLighting":false,"audioPlay":false,"sceneViewState":{"showFog":true,"showMaterialUpdate":false,"showSkybox":false,"showFlares":true,"showImageEffects":true,"showParticleSystems":true},"in2DMode":false,"pivot":{"x":0.6998004913330078,"y":7.77303409576416,"z":0.17660808563232423},"rotation":{"x":-0.30089202523231509,"y":0.6807315945625305,"z":-0.36661967635154726,"w":-0.5584046244621277},"size":36.24638366699219,"orthographic":false}